{
    "timestamp": "2025-01-08 23:18:01",
    "modelo_id": "modelo_h2o_20250108_231755",
    "tipo_modelo": "h2o",
    "n_registros": 891,
    "distribucion_predicciones": {
        "predict": {
            "count": 891.0,
            "mean": 0.0,
            "std": 0.0,
            "min": 0.0,
            "25%": 0.0,
            "50%": 0.0,
            "75%": 0.0,
            "max": 0.0
        },
        "p0": {
            "count": 891.0,
            "mean": 0.7066243612849772,
            "std": 0.19981916258652008,
            "min": 0.2476612473084222,
            "25%": 0.5344720051956486,
            "50%": 0.7906909986915941,
            "75%": 0.8838491783592527,
            "max": 0.9483501719632692
        },
        "p1": {
            "count": 891.0,
            "mean": 0.29337563871502276,
            "std": 0.1998191625865201,
            "min": 0.0516498280367306,
            "25%": 0.1161508216407472,
            "50%": 0.2093090013084059,
            "75%": 0.46552799480435136,
            "max": 0.7523387526915778
        }
    }
}