{
    "timestamp": "2025-01-08 23:53:24",
    "modelo_id": "modelo_h2o_20250108_235318",
    "tipo_modelo": "h2o",
    "n_registros": 891,
    "distribucion_predicciones": {
        "predict": {
            "count": 891.0,
            "mean": 0.0,
            "std": 0.0,
            "min": 0.0,
            "25%": 0.0,
            "50%": 0.0,
            "75%": 0.0,
            "max": 0.0
        },
        "p0": {
            "count": 891.0,
            "mean": 0.981681257764841,
            "std": 1.110846570321395e-16,
            "min": 0.9816812577648412,
            "25%": 0.9816812577648412,
            "50%": 0.9816812577648412,
            "75%": 0.9816812577648412,
            "max": 0.9816812577648412
        },
        "p1": {
            "count": 891.0,
            "mean": 0.018318742235158805,
            "std": 3.47139553225436e-18,
            "min": 0.0183187422351588,
            "25%": 0.0183187422351588,
            "50%": 0.0183187422351588,
            "75%": 0.0183187422351588,
            "max": 0.0183187422351588
        }
    }
}