{
    "timestamp": "2025-01-08 23:35:03",
    "modelo_id": "modelo_h2o_20250108_233457",
    "tipo_modelo": "h2o",
    "n_registros": 891,
    "distribucion_predicciones": {
        "predict": {
            "count": 891.0,
            "mean": 0.0,
            "std": 0.0,
            "min": 0.0,
            "25%": 0.0,
            "50%": 0.0,
            "75%": 0.0,
            "max": 0.0
        },
        "p0": {
            "count": 891.0,
            "mean": 0.959724226390893,
            "std": 0.05462743667383981,
            "min": 0.8857142857142857,
            "25%": 0.8857142857142857,
            "50%": 1.0,
            "75%": 1.0,
            "max": 1.0
        },
        "p1": {
            "count": 891.0,
            "mean": 0.040275773609106946,
            "std": 0.0546274366738398,
            "min": 0.0,
            "25%": 0.0,
            "50%": 0.0,
            "75%": 0.1142857142857143,
            "max": 0.1142857142857143
        }
    }
}